<?xml version="1.0" encoding="UTF-8" standalone="yes"?>
<addon id="plugin.video.tv" name="TV" version="99.0.0" provider-name="tv">
  <requires>
    <import addon="xbmc.python" version="2.1.0"/>
	<import addon="repository.xbmc-israel" />
  </requires>
  <extension point="xbmc.python.pluginsource" library="default.py">
        <provides>video</provides>
  </extension>
  <extension point="xbmc.addon.metadata">
    <summary lang="en">Watch TV Full races of Cycling ,Cyclocross and MTB</summary>
    <description lang="en">Watch TV Full races of Cycling ,Cyclocross and MTB</description>
    <platform>all</platform>
  </extension>
</addon>
